{"extensionType":"field_faas","i18nMap":{"zh-CN":{"videoMethod":"视频生成方式","metLabelOne":"文生视频","metLabelTwo":"图生视频","videoPrompt":"视频提示词","refImage":"参考图片"},"en-US":{"videoMethod":"Video generation method","metLabelOne":"Text-to-video","metLabelTwo":"Image-to-video","videoPrompt":"Video prompt","refImage":"Reference image"},"ja-JP":{"videoMethod":"ビデオ生成方式","metLabelOne":"テキスト-to-ビデオ","metLabelTwo":"イメージ-to-ビデオ","videoPrompt":"ビデオ提示词","refImage":"参考画像"}},"fields":[{"fieldType":17,"uiSchema":{"fieldsConfigEditor":{"component":"OpenFieldMetaEditor","props":{"schema":{"authorizations":[{"id":"auth_id_1","platform":"xunkecloud","type":"HeaderBearerToken","required":true,"instructionsUrl":"http://api.xunkecloud.cn/login","label":"关联账号","icon":{"light":"","dark":""},"isRequired":true,"authType":"APIKey"}],"items":[{"key":"videoMethod","label":"${{videoMethod}}","component":"Radio","defaultValue":{"label":"${{metLabelOne}}","value":"textToVideo"},"props":{"options":[{"label":"${{metLabelOne}}","value":"textToVideo"},{"label":"${{metLabelTwo}}","value":"imageToVideo"}]}},{"key":"videoPrompt","label":"${{videoPrompt}}","component":"Text","props":{"placeholder":"请输入视频提示词"},"validator":{"required":true}},{"key":"refImage","label":"${{refImage}}","component":"FieldSelect","props":{"supportType":[17]}}]}}}},"presetFieldConfig":{"fieldProperty":{"propertyType":17,"properties":[]},"externalEditorConfig":{}},"disableAutoUpdate":false}]}