{"extensionType":"field_faas","i18nMap":{"zh-CN":{"videoMethod":"模型选择","videoPrompt":"视频提示词","refImage":"参考图片","seconds":"视频时长","size":"视频尺寸"},"en-US":{"videoMethod":"Model selection","videoPrompt":"Video prompt","refImage":"Reference image","seconds":"Video duration","size":"Video size"},"ja-JP":{"videoMethod":"モデル選択","videoPrompt":"ビデオ提示词","refImage":"参考画像","seconds":"ビデオ再生時間","size":"ビデオサイズ"}},"fields":[{"fieldType":17,"uiSchema":{"fieldsConfigEditor":{"component":"OpenFieldMetaEditor","props":{"schema":{"authorizations":[{"id":"auth_id_1","platform":"xunkecloud","type":"HeaderBearerToken","required":true,"instructionsUrl":"http://api.xunkecloud.cn/login","label":"关联账号","icon":{"light":"","dark":""},"isRequired":true,"authType":"APIKey"}],"items":[{"key":"videoMethod","label":"${{videoMethod}}","component":"SingleSelect","defaultValue":{"label":"${{sora-2}}","value":"sora-2"},"props":{"options":[{"label":"sora-2","value":"sora-2"},{"label":"sora-2-hd","value":"sora2-hd"},{"label":"sora-2-pro","value":"sora2-pro"}]}},{"key":"videoPrompt","label":"${{videoPrompt}}","component":"Text","props":{"placeholder":"请输入视频提示词"},"validator":{"required":true}},{"key":"refImage","label":"${{refImage}}","component":"FieldSelect","props":{"supportType":[17]}},{"key":"seconds","label":"${{seconds}}","component":"SingleSelect","defaultValue":{"label":"${{12}}","value":"12"},"props":{"options":[{"label":"12","value":"12"},{"label":"8","value":"8"},{"label":"4","value":"4"}]}},{"key":"size","label":"${{size}}","component":"SingleSelect","defaultValue":{"label":"${{720x1280}}","value":"720x1280"},"props":{"options":[{"label":"720x1280","value":"720x1280"},{"label":"1280x720","value":"1280x720"},{"label":"1024x1792","value":"1024x1792"},{"label":"1792x1024","value":"1792x1024"}]}}]}}}},"presetFieldConfig":{"fieldProperty":{"propertyType":17,"properties":[]},"externalEditorConfig":{}},"disableAutoUpdate":false}]}